{"month": "2026-03", "spent": 2.060544, "limit": 48.0, "remaining": 45.939456, "sprint": "2026-03-B", "sprint_spent": 2.060544, "sprint_limit": 24.0, "sprint_remaining": 21.939456}