{"month": "2026-03", "spent": 0.094281, "limit": 48.0, "remaining": 47.905719, "sprint": "2026-03-B", "sprint_spent": 0.094281, "sprint_limit": 24.0, "sprint_remaining": 23.905719}