{"month": "2026-03", "spent": 0.133635, "limit": 48.0, "remaining": 47.866365, "sprint": "2026-03-B", "sprint_spent": 0.133635, "sprint_limit": 24.0, "sprint_remaining": 23.866365}