{"month": "2026-03", "spent": 2.962725, "limit": 48.0, "remaining": 45.037275, "sprint": "2026-03-B", "sprint_spent": 2.962725, "sprint_limit": 24.0, "sprint_remaining": 21.037275}