{"month": "2026-03", "spent": 0.432204, "limit": 48.0, "remaining": 47.567796, "sprint": "2026-03-B", "sprint_spent": 0.432204, "sprint_limit": 24.0, "sprint_remaining": 23.567796}