{"month": "2026-03", "spent": 0.07713, "limit": 48.0, "remaining": 47.92287, "sprint": "2026-03-B", "sprint_spent": 0.07713, "sprint_limit": 24.0, "sprint_remaining": 23.92287}