{"month": "2026-03", "spent": 4.369857, "limit": 48.0, "remaining": 43.630143, "sprint": "2026-03-B", "sprint_spent": 3.05679, "sprint_limit": 24.0, "sprint_remaining": 20.94321}