{"month": "2026-03", "spent": 0.151623, "limit": 48.0, "remaining": 47.848377, "sprint": "2026-03-B", "sprint_spent": 0.151623, "sprint_limit": 24.0, "sprint_remaining": 23.848377}